{
  "file": "piano_fast_rhythmic_20260322_035105.mid",
  "reviewed_at": "2026-03-22T03:51:10.496751",
  "scores": {
    "track_1_scale": 82.71844660194175,
    "track_1_velocity": 16.1,
    "track_1_rhythm": 55.3,
    "track_2_scale": 81.61764705882352,
    "track_2_velocity": 81.1,
    "track_2_rhythm": 47.1,
    "note_diversity": 90.0
  },
  "avg_score": 64.8,
  "issues": [
    "트랙 1 벨로시티 범위 이탈 (16%)"
  ],
  "total_notes": 1059,
  "duration": 69.81255817708282
}